Node,x,y
1,0.0,0.0
2,0.5,0.0
3,0.4,0.25
4,0.5,0.5
5,0.8,0.6
6,-0.01247245850014239,0.42878036749518544
7,0.2787651386804155,0.8401114645182446
8,0.6792050649080879,0.9103972369362503
9,0.9,0.8
10,1.1,0.5
