Node,x,z,y
1,-0.5,0.0,0.0
2,-0.5,0.0,0.5
3,0.0,0.0,0.0
4,-0.1,0.25,0.06
5,0.0,0.5,0.11
6,0.3,0.6,0.18
7,0.0,0.0,0.5
8,-0.1,0.25,0.44
9,0.0,0.5,0.39
10,0.3,0.6,0.32
11,-0.5,0.5,0.25
12,-0.3,0.8,0.25
13,-0.0804947564953149,0.8772158336413679,0.250075998103913
14,0.4,0.8,0.25
15,0.6,0.5,0.25
