material_id,E,A,I
1,210000000000,0.000081,2.49e-9
2,200000000000,4.5e-5,3.38e-11
3,200000000000,0.00015,1.12e-10
